{"_id":{"$oid":"56cfdd8269eabdbe312e4cfe"},"name":"vedika"}
{"_id":{"$oid":"56cfddb069eabdbe312e4cff"},"name":"vedika"}
{"_id":{"$oid":"56cfde0169eabdbe312e4d00"},"name":"My Daughter Akshitha","age":3}
{"_id":{"$oid":"56cfde4669eabdbe312e4d01"},"name":"sarukesh","age":12,"school":"Amar Jothi","class":"IV"}
{"_id":{"$oid":"56effd3bff14c26138a87a61"},"product-name":"Garmin vívofit 2","product-type":"WristBands","Manufacturer":"Garmin"}
{"_id":{"$oid":"58cd65bce7c96714a806aa75"},"name":"Amazon Echo","price":179,"category":"Electronics"}
{"_id":{"$oid":"58cd65bce7c96714a806aa76"},"name":"Boogie Board","price":26,"category":"Electronics"}
{"_id":{"$oid":"58cd65bce7c96714a806aa77"},"name":"Michael Kors Women's Parker Gold-Tone Watch MK2249 ","price":135,"category":"Watches"}
{"_id":{"$oid":"58cd65bce7c96714a806aa78"},"name":"G-Shock GA-100BW-1A White and Black Series Luxury Watch - Black","price":66,"category":"Watches"}
{"_id":{"$oid":"58cd65bce7c96714a806aa79"},"name":"G-Shock GD-120 Military Black Sports Stylish Watch - Black","price":61,"category":"Watches"}
{"_id":{"$oid":"58cd65bce7c96714a806aa7a"},"name":"Timex Expedition Grid Shock ","price":67,"category":"Watches"}
{"_id":{"$oid":"58cd65bce7c96714a806aa7b"},"name":"SEIKO SVAS003 Swimming Master  ","price":141,"category":"Watches"}
{"_id":{"$oid":"58cd65bce7c96714a806aa7c"},"name":"Michael Kors Watches Parker Women's Watch","price":157,"category":"Watches"}
{"_id":{"$oid":"58cd65bce7c96714a806aa7d"},"name":"Michael Kors MKT5000 Digital","price":395,"category":"Watches"}
{"_id":{"$oid":"58cd65bce7c96714a806aa7e"},"name":"Michael Kors Access Touch Screen Black Bradshaw Smartwatch MKT5005","price":350,"category":"Watches"}
{"_id":{"$oid":"58cd65bce7c96714a806aa7f"},"name":"Michael Kors Watches Lexington ","price":207,"category":"Watches"}
{"_id":{"$oid":"58cd65bce7c96714a806aa80"},"name":"Seiko Mens Stainless Steel Dress Watch","price":256,"category":"Watches"}
{"_id":{"$oid":"58cd65bce7c96714a806aa81"},"name":"Casio Men's PAG240-1CR ","price":150,"category":"Watches"}
{"_id":{"$oid":"58cd65bce7c96714a806aa82"},"name":"Amazon Dot","price":49,"category":"Electronics"}
{"_id":{"$oid":"58cd65bce7c96714a806aa83"},"name":"Raspberry Pi 3 The No-Nonsense Guide","price":24,"category":"Books"}
{"_id":{"$oid":"58cd65bce7c96714a806aa84"},"name":"Gameplan: The Complete Strategy Guide","price":18,"category":"Books"}
{"_id":{"$oid":"58cd65bce7c96714a806aa85"},"name":"The 5 Love Languages: The Secret to Love that Lasts","price":9,"category":"Books"}
{"_id":{"$oid":"58cd65bce7c96714a806aa86"},"name":"Doctor Strange [Blu-ray]","price":22,"category":"Movies"}
{"_id":{"$oid":"58cd65bce7c96714a806aa87"},"name":"Logan (BD+DVD+DHD) [Blu-ray]","price":19,"category":"Movies"}
