{"_id":{"$oid":"5776226ec15d30ac3a01a950"},"site":"google.com","visits":2.19426464e+08,"category":"search"}
{"_id":{"$oid":"5776226ec15d30ac3a01a951"},"site":"youtube.com","visits":2.09211168e+08,"category":"video"}
{"_id":{"$oid":"5776226ec15d30ac3a01a952"},"site":"facebook.com","visits":1.43421344e+08,"category":"social"}
{"_id":{"$oid":"5776226ec15d30ac3a01a953"},"site":"msn.com","visits":1.3487464e+08,"category":"portal"}
{"_id":{"$oid":"5776226ec15d30ac3a01a954"},"site":"bing.com","visits":1.12169608e+08,"category":"search"}
{"_id":{"$oid":"5776226ec15d30ac3a01a955"},"site":"yahoo.com","visits":1.06619176e+08,"category":"portal"}
{"_id":{"$oid":"5776226ec15d30ac3a01a956"},"site":"amazon.com","visits":8.6478e+07,"category":"business"}
{"_id":{"$oid":"5776226ec15d30ac3a01a957"},"site":"twitter.com","visits":8.635632e+07,"category":"portal"}
{"_id":{"$oid":"5776226ec15d30ac3a01a958"},"site":"yelp.com","visits":8.2077296e+07,"category":"social"}
{"_id":{"$oid":"5776226ec15d30ac3a01a959"},"site":"pinterest.com","visits":6.8081688e+07,"category":"social"}
{"_id":{"$oid":"5776226ec15d30ac3a01a95a"},"site":"microsoft.com","visits":6.2076152e+07,"category":"business"}
{"_id":{"$oid":"5776226ec15d30ac3a01a95b"},"site":"buzzfeed.com","visits":6.1257936e+07,"category":"news"}
{"_id":{"$oid":"5776226ec15d30ac3a01a95c"},"site":"ebay.com","visits":5.9180008e+07,"category":"business"}
{"_id":{"$oid":"5776226ec15d30ac3a01a95d"},"site":"answers.com","visits":5.051636e+07,"category":"info"}
{"_id":{"$oid":"5776226ec15d30ac3a01a95e"},"site":"wikia.com","visits":4.6402732e+07,"category":"info"}
{"_id":{"$oid":"5776226ec15d30ac3a01a95f"},"site":"live.com","visits":4.4029712e+07,"category":"mail"}
{"_id":{"$oid":"5776226ec15d30ac3a01a960"},"site":"wikipedia.org","visits":4.3087688e+07,"category":"info"}
{"_id":{"$oid":"5776226ec15d30ac3a01a961"},"site":"foxnews.com","visits":4.1724808e+07,"category":"news"}
{"_id":{"$oid":"5776226ec15d30ac3a01a962"},"site":"paypal.com","visits":3.9840264e+07,"category":"business"}
{"_id":{"$oid":"5776226ec15d30ac3a01a963"},"site":"linkedin.com","visits":3.7182368e+07,"category":"social"}
{"_id":{"$oid":"5776226ec15d30ac3a01a964"},"site":"wordpress.com","visits":3.1483602e+07,"category":"blog"}
{"_id":{"$oid":"5776226ec15d30ac3a01a965"},"site":"wayfair.com","visits":3.0322204e+07,"category":"business"}
{"_id":{"$oid":"5776226ec15d30ac3a01a966"},"site":"godaddy.com","visits":3.0007724e+07,"category":"business"}
{"_id":{"$oid":"5776226ec15d30ac3a01a967"},"site":"aol.com","visits":2.9526784e+07,"category":"portal"}
{"_id":{"$oid":"5776226ec15d30ac3a01a968"},"site":"walmart.com","visits":2.7471724e+07,"category":"business"}
{"_id":{"$oid":"5776226ec15d30ac3a01a969"},"site":"urbandictionary.com","visits":2.6579776e+07,"category":"portal"}
{"_id":{"$oid":"5776226ec15d30ac3a01a96a"},"site":"bustle.com","visits":2.5817768e+07,"category":"info"}
{"_id":{"$oid":"5776226ec15d30ac3a01a96b"},"site":"whitepages.com","visits":2.5308228e+07,"category":"search"}
{"_id":{"$oid":"5776226ec15d30ac3a01a96c"},"site":"blogger.com","visits":2.4357936e+07,"category":"blog"}
{"_id":{"$oid":"5776226ec15d30ac3a01a96d"},"site":"craigslist.org","visits":2.29686e+07,"category":"classified"}
{"_id":{"$oid":"5776226ec15d30ac3a01a96e"},"site":"ranker.com","visits":2.2916572e+07,"category":"info"}
{"_id":{"$oid":"5776226ec15d30ac3a01a96f"},"site":"legacy.com","visits":2.205306e+07,"category":"portal"}
{"_id":{"$oid":"5776226ec15d30ac3a01a970"},"site":"fandango.com","visits":2.1935104e+07,"category":"business"}
{"_id":{"$oid":"5776226ec15d30ac3a01a971"},"site":"comcast.net","visits":2.1555344e+07,"category":"business"}
{"_id":{"$oid":"5776226ec15d30ac3a01a972"},"site":"nytimes.com","visits":2.1331742e+07,"category":"news"}
{"_id":{"$oid":"5776226ec15d30ac3a01a973"},"site":"mozilla.org","visits":2.1234808e+07,"category":"business"}
{"_id":{"$oid":"5776226ec15d30ac3a01a974"},"site":"stackexchange.com","visits":2.0840396e+07,"category":"info"}
{"_id":{"$oid":"5776226ec15d30ac3a01a975"},"site":"vice.com","visits":2.0714488e+07,"category":"magazine"}
{"_id":{"$oid":"5776226ec15d30ac3a01a976"},"site":"about.com","visits":1.9717244e+07,"category":"info"}
{"_id":{"$oid":"5776226ec15d30ac3a01a977"},"site":"topix.com","visits":1.9623432e+07,"category":"info"}
{"_id":{"$oid":"5776226ec15d30ac3a01a978"},"site":"blogspot.com","visits":1.9451696e+07,"category":"blog"}
{"_id":{"$oid":"5776226ec15d30ac3a01a979"},"site":"tumblr.com","visits":1.9287978e+07,"category":"blog"}
{"_id":{"$oid":"5776226ec15d30ac3a01a97a"},"site":"weather.com","visits":1.9153112e+07,"category":"info"}
{"_id":{"$oid":"5776226ec15d30ac3a01a97b"},"site":"adobe.com","visits":1.9123388e+07,"category":"business"}
{"_id":{"$oid":"5776226ec15d30ac3a01a97c"},"site":"imgur.com","visits":1.8623196e+07,"category":"image"}
