{"_id":{"$oid":"58d10a26e7c96714a806aab8"},"name":"saju John"}
{"_id":{"$oid":"58d10a26e7c96714a806aab9"},"name":"Elizabeth JOHN"}
{"_id":{"$oid":"58d10a26e7c96714a806aaba"},"name":"Mcgrath John"}
{"_id":{"$oid":"58d10a26e7c96714a806aabb"},"name":"John"}
{"_id":{"$oid":"58d10a26e7c96714a806aabc"},"name":"John Paul1"}
{"_id":{"$oid":"58d10a26e7c96714a806aabd"},"name":"Paula John"}
{"_id":{"$oid":"58d10a26e7c96714a806aabe"},"name":"Johnson John King"}
{"_id":{"$oid":"58d10a26e7c96714a806aabf"},"name":"1stjohn"}
{"_id":{"$oid":"58d10a26e7c96714a806aac0"},"name":"5thjohn"}
{"_id":{"$oid":"58d10baee7c96714a806aac1"},"name":"BIJU JOHN"}
{"_id":{"$oid":"58d10bd9e7c96714a806aac2"},"name":"biju"}
{"_id":{"$oid":"58d10bd9e7c96714a806aac3"},"name":"saju"}
{"_id":{"$oid":"58d10bd9e7c96714a806aac4"},"name":"alex"}
{"_id":"98989","name":"BIJUJOHN"}
