{"_id":{"$oid":"58cd755f87c1b97e19b64931"},"name":"Boogie Board","price":26,"category":"Electronics"}
{"_id":{"$oid":"58cd755f87c1b97e19b64932"},"name":"Michael Kors Women's Parker Gold-Tone Watch MK2249 ","price":135,"category":"Watches"}
{"_id":{"$oid":"58cd755f87c1b97e19b64933"},"name":"G-Shock GA-100BW-1A White and Black Series Luxury Watch - Black","price":66,"category":"Watches"}
{"_id":{"$oid":"58cd755f87c1b97e19b64934"},"name":"Timex Expedition Grid Shock ","price":67,"category":"Watches"}
{"_id":{"$oid":"58cd755f87c1b97e19b64935"},"name":"G-Shock GD-120 Military Black Sports Stylish Watch - Black","price":61,"category":"Watches"}
{"_id":{"$oid":"58cd755f87c1b97e19b64936"},"name":"SEIKO SVAS003 Swimming Master  ","price":141,"category":"Watches"}
{"_id":{"$oid":"58cd755f87c1b97e19b64937"},"name":"Michael Kors Watches Parker Women's Watch","price":157,"category":"Watches"}
{"_id":{"$oid":"58cd755f87c1b97e19b64938"},"name":"Michael Kors MKT5000 Digital","price":395,"category":"Watches"}
{"_id":{"$oid":"58cd755f87c1b97e19b64939"},"name":"Michael Kors Access Touch Screen Black Bradshaw Smartwatch MKT5005","price":350,"category":"Watches"}
{"_id":{"$oid":"58cd755f87c1b97e19b6493a"},"name":"Michael Kors Watches Lexington ","price":207,"category":"Watches"}
{"_id":{"$oid":"58cd755f87c1b97e19b6493b"},"name":"Seiko Mens Stainless Steel Dress Watch","price":256,"category":"Watches"}
{"_id":{"$oid":"58cd755f87c1b97e19b6493c"},"name":"Casio Men's PAG240-1CR ","price":150,"category":"Watches"}
{"_id":{"$oid":"58cd755f87c1b97e19b6493d"},"name":"Amazon Dot","price":49,"category":"Electronics"}
{"_id":{"$oid":"58cd755f87c1b97e19b6493e"},"name":"Raspberry Pi 3 The No-Nonsense Guide","price":24,"category":"Books"}
{"_id":{"$oid":"58cd755f87c1b97e19b6493f"},"name":"Gameplan: The Complete Strategy Guide","price":18,"category":"Books"}
{"_id":{"$oid":"58cd755f87c1b97e19b64940"},"name":"The 5 Love Languages: The Secret to Love that Lasts","price":9,"category":"Books"}
{"_id":{"$oid":"58cd755f87c1b97e19b64941"},"name":"Doctor Strange [Blu-ray]","price":22,"category":"Movies"}
{"_id":{"$oid":"58cd755f87c1b97e19b64942"},"name":"Logan (BD+DVD+DHD) [Blu-ray]","price":19,"category":"Movies"}
