{"_id":{"$oid":"58d164dae7c96714a806aad4"},"sms_text":"I'm good what about you"}
{"_id":{"$oid":"58d164dae7c96714a806aad5"},"sms_text":"Im good what about you"}
{"_id":{"$oid":"58d164dae7c96714a806aad6"},"sms_text":"Its is working fine"}
{"_id":{"$oid":"58d164dae7c96714a806aad7"},"sms_text":"It's fine"}
{"_id":{"$oid":"58d164dae7c96714a806aad8"},"sms_text":"It's working fine"}
{"_id":{"$oid":"58d164dae7c96714a806aad9"},"sms_text":"It works fine"}
{"_id":{"$oid":"58d164dae7c96714a806aada"},"sms_text":"It is important"}
{"_id":{"$oid":"58d164dae7c96714a806aadb"},"sms_text":"Its of higher importance"}
{"_id":{"$oid":"58d164dae7c96714a806aadc"},"sms_text":"can you Query about that "}
{"_id":{"$oid":"58d164dae7c96714a806aadd"},"sms_text":"what are the important queries"}
{"_id":{"$oid":"58d165a5e7c96714a806aadf"},"sms_text":"How about happiness"}
{"_id":{"$oid":"58d165a5e7c96714a806aae0"},"sms_text":"are you happy im very happy"}
