{"_id":{"$oid":"58ceb9b3e7c96714a806aa95"},"username":"demo_user1","password":"demo_pwd1"}
{"_id":{"$oid":"58ceb9b3e7c96714a806aa96"},"username":"demo_user2","password":"demo_pwd2"}
{"_id":{"$oid":"58ceb9b3e7c96714a806aa97"},"username":"demo_admin1","password":"demo_admin_pwd1"}
{"_id":{"$oid":"58ceb9b3e7c96714a806aa98"},"username":"demo_admin2","password":"demo_admin_pwd2"}
{"_id":{"$oid":"58ceb9b8e7c96714a806aa99"},"username":"demo_user1","password":"demo_pwd1"}
{"_id":{"$oid":"58ceb9b8e7c96714a806aa9a"},"username":"demo_user2","password":"demo_pwd2"}
{"_id":{"$oid":"58ceb9b8e7c96714a806aa9b"},"username":"demo_admin1","password":"demo_admin_pwd1"}
{"_id":{"$oid":"58ceb9b8e7c96714a806aa9c"},"username":"demo_admin2","password":"demo_admin_pwd2"}
