{"_id":{"$oid":"58cffc93e7c96714a806aa9e"},"name":"gagnam style","artist":"psy","views_millions":2889.0}
{"_id":{"$oid":"58cffc93e7c96714a806aa9f"},"name":"see you again","artist":"wiz khalifa","views_millions":2533.0}
{"_id":{"$oid":"58cffc93e7c96714a806aaa0"},"name":"sorry","artist":"justin beiber","views_millions":2438.0}
{"_id":{"$oid":"58cffc93e7c96714a806aaa1"},"name":"uptown funk","artist":"mark ronson","views_millions":2278.0}
{"_id":{"$oid":"58cffc93e7c96714a806aaa2"},"name":"masha and bear","artist":"get movies","views_millions":2008.0}
{"_id":{"$oid":"58cffc93e7c96714a806aaa3"},"name":"shake it off","artist":"taylor swift","views_millions":1980.0}
